0,1,2,3,4,5,6,7,8,9,10
0,2,2,6,12,-11,-5,14,-5,-8,-1
-4483,-527,3983,6812,12052,786,-1685,2751,861,2893,7948
-22,-28,29,153,85,38,-49,39,-53,-6,-110
-3,-1,1,7,5,-4,-4,12,-3,-8,-1
-19,0,-3,5,19,17,-39,53,-33,41,42
-18,-4,-22,64,-24,12,-30,20,6,50,2
-22,-3,-3,33,54,-11,-56,57,-26,54,-16
-6,-9,1,32,41,-2,-73,47,-14,58,25
-19,-9,-4,43,15,71,-87,20,-6,63,-38
-4,-8,51,-17,21,12,-55,29,14,44,-16
-24,-3,27,5,28,-7,-8,9,-3,43,14
-13,-5,-25,11,28,-3,-27,27,9,72,-9
-34,11,-12,-3,17,5,-19,4,-1,63,1
-14,-9,46,16,14,11,-33,-11,-6,34,10
-31,-11,1,37,38,20,-81,44,6,22,-7
-24,-1,38,48,-28,32,-27,313,-4,-285,-11
-12,4,5,26,107,-25,-71,16,367,-326,-22
-15,-8,-17,196,252,-9,-371,8,-1,11,0
-13,4,-26,10,20,8,10,332,-268,-13,3
-13,-8,43,-34,-3,31,-27,10,8,71,-35
-18,-3,11,2,33,34,-56,-1,17,43,22
-22,-3,64,-13,12,-14,19,-20,19,33,-26
-23,1,27,4,31,22,-43,-8,-17,66,27
-3,-13,19,4,37,14,-11,-6,-13,50,-28
7,-17,15,22,14,-10,9,-20,5,57,-23
-23,2,-7,14,30,0,-45,10,28,56,-13
-10,-11,-2,3,2,19,-13,0,15,76,-17
-15,-4,51,-33,58,-34,-40,16,0,59,-27
-16,-5,13,16,61,-15,-21,-5,-3,59,-32
-13,11,38,-23,63,-49,-18,5,8,47,-5
-10,-3,-11,34,16,17,-63,11,21,39,5
-16,-4,25,8,8,-4,-20,12,0,57,-5
-23,8,6,-3,315,57,-58,-323,0,45,8
-19,-15,17,31,203,135,-374,1,38,51,-30
-5,0,26,-4,38,-11,-3,-25,-6,61,-23
-1,3,0,-11,-3,-2,4,-1,19,-2,1
-78,6,46,15,79,5,-55,-9,110,-50,-18
-46,6,28,127,-37,104,-118,13,52,12,13
-29,6,78,127,3,-6,-97,37,68,-22,12
-44,30,103,54,-31,-27,-55,87,17,-10,17
-18,-18,119,-8,52,-13,-77,24,74,58,-33
-27,3,111,5,71,29,-94,59,0,6,27
-22,26,67,63,15,26,-98,28,142,-81,49
-35,19,33,91,17,-3,-55,114,-56,2,-63
-67,20,0,105,49,-36,-52,-36,116,-10,20
-7,-4,96,30,48,-8,-60,41,8,41,-8
-67,11,125,26,27,0,-64,47,12,26,-70
-27,-6,95,67,49,-16,-67,-10,129,17,-9
-61,32,22,128,33,5,-76,33,63,20,-86
-36,37,50,94,12,-28,-56,5,68,-16,12
-42,13,20,65,46,71,-93,-43,80,33,-17
-36,20,10,87,57,29,-74,29,50,13,-70
-16,25,71,25,115,19,-87,39,41,-56,45
-35,39,-13,96,62,-39,-51,22,51,-7,-16
-64,33,101,55,-12,6,-105,69,37,4,-1
-25,24,58,81,6,-24,-36,87,-49,58,-5
-32,9,99,29,8,-22,-9,34,-35,94,-20
-25,5,8,111,23,-32,-23,46,7,68,-37
-46,-16,52,99,-16,29,-64,17,16,90,-75
-50,37,37,97,23,-37,-61,-9,29,48,-35
-15,1,57,87,2,-6,-49,-24,83,4,-5
-34,26,44,114,-32,-38,-15,10,22,51,-4
-47,5,131,-10,53,-45,-48,25,29,56,-32
-50,24,35,141,2,-60,-75,76,-4,50,-13
-39,24,-5,87,88,-70,-28,17,-27,96,11
-50,29,15,50,29,40,-105,36,28,68,19
-61,21,75,78,25,-30,-39,61,1,20,-25
-1,1,11,-2,51,-32,23,-26,-2,-4,1
-3,0,-6,13,1,10,-15,8,-5,3,-1
-7,-1,-3,13,-2,13,-11,3,0,9,-5
-9,-1,4,4,0,6,-9,8,-3,5,2
-3,-3,0,8,2,4,-8,2,1,6,0
0,-5,-2,9,5,6,-10,4,0,12,-4
-8,0,3,9,-4,11,-14,2,1,11,-4
-2,-4,3,8,0,6,4,-2,-6,8,-4
-4,0,-5,11,-3,10,-9,0,7,-2,8
-4,-2,-3,10,-6,13,-6,1,-5,7,5
-12,-3,-1,8,5,5,-12,4,6,2,4
-8,1,-2,17,-4,2,-11,6,1,3,-1
-5,-1,-2,7,1,7,-9,1,3,0,3
-5,0,3,12,-10,18,-18,1,9,-1,6
-2,-3,-2,9,3,10,-11,3,2,3,-2
1,-9,0,7,-1,10,-8,12,0,-1,-7
-8,2,0,5,7,2,-12,9,0,3,-5
-4,-2,0,15,-6,18,-21,2,6,-6,9
0,-2,0,5,7,-1,-1,-5,7,2,-4
-2,1,-2,10,-6,20,-19,7,-2,4,-3
-4,-2,1,5,0,10,-9,-3,16,-4,-2
-7,-1,1,16,-6,0,-6,0,9,4,6
-6,0,2,6,2,4,-11,5,0,5,9
-3,0,-1,10,2,0,-9,3,-4,10,1
-7,1,-1,11,-1,10,-18,7,5,2,9
-12,0,0,7,-3,12,-8,-3,9,6,-4
-3,-3,3,7,-5,11,-15,10,-2,11,-7
0,-2,-1,3,2,6,-7,7,-1,7,-6
-4,5,-1,14,-11,14,-18,5,10,-7,8
-1,-4,0,9,1,8,-12,3,6,4,-5
-2,-2,1,10,2,3,-13,8,3,6,4
-3,-3,1,7,1,12,-19,6,13,4,-9
-7,-5,5,54,2,-20,-3,-1,1,-16,-5
-198,-27,74,181,63,134,-143,-19,90,174,-23
-171,-31,51,225,77,101,-173,37,135,103,-49
-116,-69,72,188,172,129,-131,-68,121,183,-169
-235,-8,10,304,147,47,-178,-47,285,103,-164
-171,-22,9,244,115,131,-226,81,223,110,-187
-175,-30,3,264,105,68,-177,66,157,115,-136
-195,-34,0,213,242,31,-170,2,204,105,-74
-157,-49,29,265,109,15,-187,-10,167,235,-163
-130,-54,-2,277,134,92,-246,30,136,231,-153
-177,-5,13,244,117,62,-175,36,107,185,-174
-130,-11,27,320,42,108,-256,54,95,241,-85
-178,-24,16,323,53,40,-244,91,100,243,-149
-182,-41,21,188,140,87,-180,8,143,237,-82
-180,5,9,319,78,58,-213,99,84,256,-175
-21,0,34,-10,12,-14,-12,27,-10,-13,20
-66,-11,38,202,-59,-44,-2,-10,-46,10,-4
-27,-18,67,94,6,-55,21,18,-23,-37,43
-39,-13,64,121,86,-83,-53,92,-74,7,-29
7,-19,77,164,-24,-117,-28,122,-95,4,16
-22,-9,69,134,18,-78,0,62,-45,-58,45
-25,1,66,219,29,-135,-55,77,-85,-25,55
-51,10,40,166,-22,-17,-47,66,-59,-46,43
-29,-18,106,86,16,4,-69,25,18,-61,3
-10,-6,65,107,16,-83,-22,30,-18,-4,24
-22,-6,86,119,65,-114,-13,38,-43,-31,59
-15,-9,65,185,2,-50,-70,80,-65,-13,17
-9,-17,81,62,89,-74,1,99,-114,-4,18
-23,-23,45,157,17,-39,-5,58,-74,-27,-6
-17,-7,75,136,32,-99,25,15,-74,5,11
-5,-18,61,174,-61,-62,-4,32,-21,18,-45
-16,-6,58,97,36,-65,7,77,-87,-43,39
-16,-8,65,150,21,-57,-28,67,-53,-38,17
-13,-4,39,126,61,-69,-63,79,-14,-32,-37
-31,-8,51,123,64,-81,-27,69,-96,39,27
-23,-13,57,125,28,-39,-17,21,-31,-23,0
-11,-22,58,154,53,-118,-13,12,-65,24,21
-20,-18,70,94,36,-79,-7,63,-42,7,10
-21,-3,51,151,20,-70,-46,-34,28,17,14
-12,-24,115,116,5,-169,30,71,-57,-3,1
2,-35,52,195,18,-121,-25,50,-51,50,-31
-16,-24,80,104,46,-92,-34,53,-25,10,26
-17,1,49,233,-59,-76,-74,71,-48,67,-33
-48,-24,61,155,26,-44,-70,90,-155,116,-32
-47,-8,80,84,107,-174,-14,25,-2,39,-35
-24,19,32,126,29,-81,-15,41,-104,51,40
-18,-6,59,74,89,-83,-15,81,-72,-16,5
0,-30,62,-3,25,-13,-32,36,-41,-3,33
-207,-23,14,366,-70,440,-570,20,290,360,-200
-80,-149,95,364,-20,350,-590,80,240,300,-70
-157,23,134,260,-10,390,-590,60,250,400,-200
-153,26,137,350,10,220,-420,-100,260,270,-70
-137,-55,202,320,-20,330,-620,40,330,240,-30
-186,-68,148,286,-100,510,-580,-70,310,420,-220
-196,-66,282,260,40,370,-550,80,320,240,-120
-162,-39,191,150,-70,30,-355,58,597,330,-330
-197,-26,132,251,-20,430,-590,0,300,260,-110
-191,-57,197,429,-60,400,-600,-20,400,310,-190
-201,-50,191,200,60,440,-680,60,320,370,-190
-203,-42,155,400,-10,290,-540,-10,240,440,-220
-161,-77,168,370,-130,360,-490,40,310,360,-250
-67,-83,120,380,10,350,-540,-100,290,420,-340
-100,-65,44,461,-190,360,-540,50,-1090,0,0
-145,-45,161,407,-10,410,-630,20,220,510,-270
-192,31,95,446,-150,410,-570,100,260,400,-400
-134,-55,115,516,-110,390,-610,110,150,510,-140
-116,-87,107,436,-190,560,-460,-200,370,330,-270
-183,-19,132,450,-170,450,-610,40,290,430,-370
-239,25,94,300,-50,370,-580,60,240,560,-360
-183,-9,96,436,-90,370,-550,60,240,510,-260
-193,-33,176,340,30,350,-590,-80,310,560,-400
-108,-25,121,462,-90,360,-610,-40,390,410,-380
-146,-29,205,350,-150,260,-360,-90,290,510,-320
-81,-72,253,310,30,420,-820,20,370,480,-380
-204,2,100,372,-140,470,-660,130,180,560,-370
-160,-18,84,384,-50,360,-620,160,290,470,-330
-188,-31,86,453,-120,390,-470,-10,370,390,-380
-164,-22,166,460,-180,80,-240,20,270,540,-400
-3,57,3,71,-69,36,-18,-27,26,21,-19
-900,-260,290,1500,150,730,-1460,320,630,460,-210
-770,-200,410,1420,260,880,-1360,210,740,350,100
-970,-150,490,1980,-240,1310,-1830,450,480,380,-220
-750,-210,470,1780,-100,900,-1490,440,680,470,-310
-860,-40,360,1810,-180,1260,-1790,570,330,600,-310
-870,-120,460,1760,130,1050,-1690,560,490,360,-160
-900,-180,620,1720,50,940,-1530,480,490,300,-190
-900,-170,510,1340,410,670,-1440,280,840,700,-790
-730,-160,460,1110,190,860,-1250,150,780,610,-160
-1030,-30,380,1970,0,680,-1570,640,610,70,-340
-790,-180,610,1470,-40,1180,-1720,480,740,340,-220
-940,-70,430,1820,90,930,-1610,620,450,680,-470
-860,-100,490,1580,160,1130,-1670,660,440,560,-360
-890,-150,500,1830,-40,1090,-1710,320,530,460,-440
-900,-160,450,1520,120,750,-1380,250,750,720,-550
-660,-240,450,1350,280,670,-1330,270,860,850,-760
-700,-320,520,1860,-80,1080,-1610,510,620,530,-630
-720,-240,460,1750,-110,1360,-1970,450,720,820,-850
-820,-110,630,1540,-130,1120,-1670,550,440,720,-300
-710,-230,650,1690,-160,1290,-1810,460,530,840,-790
-840,-10,380,1740,-60,900,-1590,280,870,510,-630
-830,0,410,1430,-80,990,-1390,240,590,960,-520
-650,-210,600,1240,150,940,-1380,210,740,790,-500
-790,-150,470,1740,130,800,-1840,440,810,600,-750
-650,-180,550,1980,-310,890,-1710,220,960,680,-770
-730,-130,570,1630,-130,1050,-1760,430,770,860,-490
-740,-120,450,1690,-190,1090,-1640,360,550,970,-740
-770,-110,470,1790,-190,1050,-1770,380,650,930,-710
-700,-140,400,1590,-20,820,-1500,160,840,1130,-770
-770,-110,390,1440,50,990,-1640,210,1000,900,-690
-650,-130,480,1830,-330,1390,-1870,390,680,1020,-830
-3,-5,0,18,32,8,-3,-30,48,-40,-20
-18,0,0,0,16,-16,15,0,0,10,-5
-17,0,0,15,12,-7,-20,24,-6,0,1
0,4,-22,16,-16,25,-1,3,-27,16,5
0,-16,0,12,10,-5,0,-17,12,-12,20
-2,-5,-4,4,-16,0,0,0,11,-11,0
-18,0,0,0,0,19,-19,0,0,21,-4
-3,-16,11,5,0,-16,0,18,-5,-13,19
-18,0,13,3,4,-20,21,7,-16,-12,22
-19,0,0,11,6,-17,17,4,-21,0,0
-19,18,-18,13,-13,22,-2,-20,0,22,1
-18,16,-2,4,0,-18,19,-19,0,10,13
-16,17,-6,-11,0,0,20,0,-5,-15,19
3,-4,-6,-12,25,-8,0,1,-18,0,17
1,3,-8,-13,20,0,1,6,-27,21,-21
-17,18,-6,-12,0,0,17,1,-18,18,4
-1,1,-6,-12,28,-16,-12,21,-21,0,19
-21,16,-5,-11,23,-4,-1,0,-5,-13,16
-18,0,0,22,4,-26,26,-4,7,-6,-23
1,-1,-6,12,6,-12,6,10,-12,-4,-1
3,-20,14,-1,6,-3,3,3,-22,0,0
-1,-17,0,22,-22,0,0,21,2,7,-12
-31,-5,101,35,100,-93,-3,66,-22,-40,1
-397,120,366,-67,-14,21,-27,-4,-33,152,-18
-385,118,314,-27,-10,-7,2,14,6,95,-25
-422,126,301,-56,-23,20,-13,28,73,103,-17
-351,110,397,-97,-35,26,-23,-556,582,82,-70
-314,-2,524,-102,-43,57,-36,-10,27,97,5
-386,42,430,-75,-10,28,-78,51,14,114,-13
-509,151,459,-55,-26,48,-35,1,4,119,-21
-384,14,393,39,-59,35,-12,23,3,70,19
-467,136,400,2,-24,12,25,-48,36,106,-7
-486,152,448,-69,-15,45,-650,375,144,54,9
-368,268,282,-3,-48,28,18,-539,582,77,7
-542,197,448,-49,-16,22,2,-7,21,92,3
-513,130,466,-54,-13,40,-15,1,-4,99,-6
-539,132,386,-195,54,44,-38,187,-15,113,-16
-374,-24,521,-89,-18,23,-16,-6,37,96,-57
-497,235,416,-110,-1,20,-69,44,16,100,-6
-537,164,504,-107,-33,35,-10,-5,20,86,20
-523,142,468,-53,-27,4,1,6,27,95,7
-378,120,375,-92,-52,52,-19,7,29,109,-15
-383,117,380,-72,-7,23,-12,-1,3,114,-9
-392,104,391,-81,-39,36,-12,47,-33,115,-24
-424,118,358,-77,-8,22,-29,8,33,85,-12
-373,112,336,-55,-9,-3,16,-7,41,78,0
-363,125,367,-80,-18,31,-28,-10,-6,128,1
-382,131,354,-98,13,6,-18,3,7,102,1
-388,139,367,-123,-5,-3,-10,-7,27,107,23
-373,126,329,-47,-38,21,2,-7,8,105,-2
-347,106,350,-72,-30,32,-16,-13,9,131,-11
-365,126,365,-89,-23,6,-1,10,26,121,-58
-376,140,296,-44,-15,23,-15,-10,32,87,5
-398,120,382,-96,-25,27,-6,-4,8,110,-8
26,-26,65,4,24,-6,-24,5,-7,8,-7
-726,142,623,-33,-35,-3,-11,-26,-11,129,-10
-633,132,532,40,-44,20,-28,11,-11,95,5
-699,98,560,-43,-21,24,0,-3,90,79,-10
-648,127,627,-30,-79,45,-78,-785,826,121,-103
-603,13,782,-98,-67,100,-64,-7,35,61,30
-665,44,676,-32,-52,67,-110,30,89,46,-3
-761,154,698,3,-76,77,-32,26,-41,111,30
-674,29,618,93,-57,9,20,3,-6,81,-10
-814,146,619,74,-42,13,18,-77,83,80,-20
-772,155,638,38,-49,84,-990,664,120,44,20
-661,280,571,46,-37,33,-66,-809,872,72,30
-874,204,723,3,-19,21,-19,7,32,60,0
-853,143,733,-13,-3,26,-16,10,20,60,10
-872,155,678,-153,36,51,-65,200,-10,100,-40
-734,-24,798,-40,-19,39,-20,-22,20,92,-40
-858,250,702,-64,-13,27,-90,65,11,114,-30
-880,179,790,-70,-27,47,-20,-12,2,100,-20
-881,152,763,-27,-46,-4,-32,32,37,130,0
-728,130,650,-54,-24,58,-97,24,53,100,0
-751,139,674,-50,-10,40,-30,-30,8,92,10
-778,116,672,-77,-18,65,-74,54,30,100,-10
-739,128,660,-50,-33,38,-35,40,-7,77,10
-712,129,617,10,-32,5,27,-74,124,40,-30
-726,138,651,-75,15,60,-94,-12,-8,144,0
-744,146,635,-82,5,30,-41,-21,27,102,10
-720,145,666,-98,4,-19,-30,-17,17,113,50
-699,135,622,0,-62,13,6,-15,-5,103,0
-654,119,618,0,-98,53,-38,5,12,106,-10
-659,140,619,-53,-36,22,-22,25,27,127,-50
-732,149,578,-37,-16,17,-25,8,11,81,10
-685,141,642,-83,-27,50,-18,18,-13,113,-30
-4,-1,7,0,-3,5,-7,5,-1,1,0
-4,0,19,15,4,-8,20,-14,5,-35,-4
170,-440,-80,-1416,-9,-84,24,-9,46,-49,159
119,-232,1065,410,460,20,-160,90,-260,50,310
80,-230,-460,360,380,-40,0,-160,-430,-690,320
-50,-300,-50,400,300,90,-160,30,-430,260,190
-110,-40,-461,-241,133,-156,139,-128,-85,-4,203
-16,-4,-570,371,212,-23,-88,98,-150,139,113
58,-62,-61,240,322,-10,110,20,-290,20,210
-60,130,120,110,320,300,-400,160,-410,90,160
20,-370,-413,-470,-67,-22,23,6,-27,-14,241
-21,-219,733,630,20,90,180,-110,-300,130,90
-60,-30,-150,-90,230,40,10,-70,-60,60,50
90,-10,-580,390,260,-90,130,-120,-200,-725,995
70,-150,-300,130,70,140,-60,-40,-210,120,330
30,-10,-260,110,300,30,20,60,-130,-350,700
160,-120,-200,0,150,340,20,-130,-300,-120,460
-70,-110,-210,-1142,26,-37,-1,-74,8,101,153
-79,-298,1059,450,140,120,-70,-10,-100,-210,320
110,70,-200,-10,400,-160,110,-50,-200,-80,210
-50,-80,-390,90,400,240,-90,80,-400,-90,300
-110,10,-330,180,150,120,-150,200,-260,-190,160
-150,70,-400,80,230,-150,60,240,-460,-300,570
60,30,-410,0,190,-150,20,-100,-170,70,160
60,-40,-654,-16,15,-53,-26,1,-6,153,173
-348,-24,583,183,120,-227,121,149,-285,20,235
-89,-26,128,17,54,-30,-21,216,-260,53,277
-16,-97,74,58,117,130,-210,250,-386,5,341
-131,-4,-74,172,3,-3,-3,35,-240,104,191
-69,-117,-163,221,128,-43,43,10,-170,10,140
-86,-179,122,-27,180,-20,-144,122,-148,56,114
-90,2,-323,-133,-335,-20,48,9,-1,42,319
-334,-63,597,248,460,-410,50,-70,-118,148,120
-9,-2,-2,100,28,10,-21,-8,11,-54,-27
80,-190,-250,-480,300,10,430,-110,-80,-170,0
140,-320,-330,-230,100,380,440,-60,-240,-220,360
-620,220,190,-440,200,240,430,-50,10,-300,-100
20,-220,-180,-130,-60,340,-30,50,-270,230,-80
-160,360,-40,-140,30,260,-110,220,-210,0,260
10,-110,-90,-70,180,120,-80,20,-190,-100,230
60,80,-370,-60,230,180,-30,410,-20,-600,30
-100,-600,50,-340,110,350,160,260,-340,-80,300
130,-140,-620,-60,70,550,-40,250,-50,-90,60
120,-70,-510,-440,110,250,410,-190,-130,140,560
140,-590,200,-250,-70,410,260,-50,-70,-250,-40
0,140,-190,-370,20,410,290,140,-340,-300,150
-140,-370,-210,-10,110,390,400,-90,-270,-380,300
-40,-560,200,-190,160,170,360,-130,-110,-440,330
-40,-100,-240,-390,340,400,30,40,-70,20,-150
-50,0,40,-710,220,510,370,-30,-200,-70,140
-20,-230,-260,-590,360,330,300,-30,-300,260,410
160,-330,-270,-310,260,150,330,20,-310,-310,130
-40,-50,-380,-50,-70,380,150,120,-90,-670,520
-80,-640,110,-100,70,370,-10,-10,-100,90,210
-80,10,-130,-350,220,330,120,-20,-180,30,150
-100,-60,-150,-240,30,330,100,0,-50,-80,-10
-390,240,-330,-170,290,370,150,-80,-240,-90,390
-20,-240,-340,-120,490,230,-90,-60,-80,-240,60
-190,-100,-30,-120,-230,420,490,-180,-160,-250,240
-280,-150,-50,-90,-60,290,380,-40,-370,-80,290
-300,-80,-340,-230,180,680,140,-100,50,-420,290
-80,-350,-120,-140,160,50,280,170,40,-510,340
-220,200,-290,-150,60,560,220,-190,-230,30,470
-80,-350,-80,-300,110,430,200,-110,-270,-150,80
30,-170,-220,-200,100,510,460,-130,-250,-500,500
-11,3,66,-24,34,-30,-20,16,-4,43,-40
-29,1,-75,26,5,-21,16,18,-16,4,-9
-2,-4,7,42,84,28,-7,18,-11,3,-3
0,-77,1,48,2,-7,29,14,-2,-11,35
1,-4,4,47,17,-5,-30,18,-35,-49,-1
-40,-1,-1,54,13,-22,33,21,-2,-16,2
-5,3,-3,-374,566,-101,-16,22,-17,-14,-3
3,4,1,27,21,-36,-1,18,-23,35,39
-8,-5,13,42,18,-9,-12,-28,-3,-23,-36
-60,2,1,1,35,-5,-4,13,-3,29,42
-5,5,0,4,8,-2,-56,-85,130,33,-27
-2,1,4,46,0,-2,-3,3,1,-57,-45
2,-28,0,32,13,156,1,6,-8,-20,5
2,-4,4,5,17,-21,32,8,-2,-2,27
-1,0,-1,56,1,-10,2,91,-16,-4,-165
-5,4,2,12,6,-5,-1,49,31,-11,-4
0,-2,-78,40,0,-5,37,10,-5,-10,-9
-2,-5,6,22,16,-51,36,4,-17,7,-11
9,10,8,79,18,-9,-23,9,-5,2,-18
-5,-2,5,27,39,40,-8,5,-2,-14,37
1,-4,6,-36,3,-8,-3,-32,-5,-1,-6
-38,43,5,39,4,-6,-13,8,-2,-37,-4
-2,5,-8,19,25,-33,79,8,-1,-4,-80
-2,-4,12,16,10,-15,-6,3,-3,-9,39
2,-1,-4,-72,33,-4,-4,-7,-8,6,-5
-9,5,-5,58,-3,0,-3,0,-6,0,-72
-1,2,-5,23,3,92,-9,-7,-19,4,2
-1,1,-4,31,9,1,-3,2,-7,-90,7
-12,-4,2,32,86,0,-5,47,-5,-21,-5
0,-3,2,18,7,-7,-49,-28,-5,-6,82
-3,6,-4,-18,-35,-10,-9,4,-11,62,-6
-4,-2,3,30,12,-1,19,12,-10,-17,-41
-2,-1,0,-7,2,-1,0,1,5,1,-2
-3,-16,-13,227,40,-58,250,-88,6,80,-214
0,10,-30,770,100,0,190,-110,80,-10,40
-190,80,-10,960,-110,-220,-650,-100,850,180,130
-24,-11,8,207,850,-10,270,-240,80,-180,90
50,-240,120,950,210,-390,180,20,-50,-160,200
-193,165,18,1000,-780,650,-520,670,0,50,-40
110,220,-250,880,-390,250,120,-100,-20,-40,100
0,-28,28,910,-650,-160,180,-120,960,-140,230
0,110,0,710,-50,-90,-20,70,30,20,-130
16,13,-26,1039,810,-20,50,70,80,-330,170
-10,-38,11,1117,-120,-80,-880,-10,850,70,370
0,-72,19,1123,-20,-150,350,-90,-90,-120,190
-80,200,-190,1020,60,-280,120,90,0,-100,90
10,30,-10,1210,40,-340,230,-170,340,-270,190
-40,-20,70,710,-320,370,30,60,-20,-110,120
-17,17,-19,1199,-20,-220,220,-80,80,-130,110
10,0,-27,207,970,-200,90,140,-30,-210,170
-44,8,-5,1191,70,-160,150,-160,-70,190,-10
-12,-5,67,970,-650,550,120,170,-40,10,-130
7,3,-3,1321,-1741,1441,100,50,90,-200,140
20,-13,-15,1158,-110,-140,240,-110,40,20,100
-13,13,12,1188,60,-310,-30,160,-150,20,30
22,12,-39,1049,-950,860,150,-40,-70,-80,180
-14,0,14,1174,170,-310,160,-100,-20,40,50
-20,0,80,820,120,-150,80,0,0,80,-130
70,70,-90,980,150,-240,-790,830,-10,-70,100
5,6,-23,1232,210,-390,250,-120,-110,50,150
0,0,-42,1142,-110,-100,140,0,30,0,20
-36,-13,-6,1133,150,-120,200,-60,-710,-100,850
60,-150,-30,1100,110,-330,340,140,-1140,110,30
22,-224,70,11,220,-59,7,283,161,-37,158
-11,-7,-4,30,16,-1,-36,21,30,-20,4
0,0,0,0,3,-3,0,1,0,-1,-1
0,0,-1,-1,1,0,-1,0,2,0,0
-5,-2,5,41,4,-16,-14,12,11,-15,-14
-27,-14,10,28,61,-24,-23,82,18,193,-269
-30,-15,9,32,77,12,-34,75,-27,15,-45
-22,-6,-6,69,195,-42,-50,136,-51,129,-274
-38,-17,13,51,152,-17,-66,168,136,-227,-119
-49,-1,9,56,187,-44,-65,127,111,-101,-195
-18,-14,8,51,203,-23,-65,144,126,-69,-274
-13,-19,3,119,130,-21,-54,162,-134,-94,-24
-18,-15,13,23,91,9,-48,68,9,182,-343
-22,-4,-3,35,284,-252,8,73,6,189,-246
-32,-10,21,76,168,-60,-55,142,103,-85,-200
-21,-19,14,57,177,-35,-59,148,177,-346,-25
-31,-2,12,57,208,-46,-69,212,110,-104,-196
-37,-18,28,51,199,-38,-57,116,157,78,-322
-33,-12,16,30,217,165,-237,108,168,-102,-263
-26,-5,10,40,351,-281,8,282,-230,-95,-12
-34,-6,7,23,84,7,-44,93,-42,88,-112
-12,-29,20,38,203,-53,-67,384,-185,-113,-140
-27,0,15,55,217,-85,-61,143,-42,-122,-61
-20,-2,2,61,191,-49,-73,105,-22,-69,-33
-20,-3,15,47,187,-71,-31,122,-59,-91,-33
-24,-9,17,43,123,29,-85,96,-21,-61,-67
-19,-5,9,13,86,245,-250,342,-269,-42,-41
-28,1,14,21,300,-242,4,189,-151,-50,-6
-13,-9,13,41,123,-7,-90,152,-84,-63,-15
-25,2,21,40,119,-24,-70,135,216,-238,-95
-8,-17,28,43,126,-7,-59,129,76,-209,-42
-15,1,19,48,122,-4,-72,217,-72,-11,-177
-22,-6,21,42,143,5,-94,221,-95,17,-183
-21,1,9,10,318,-271,1,351,-209,-76,-49
-17,-8,13,13,72,-7,-37,78,124,-128,-63
-14,-17,9,71,126,-1,-74,120,-37,-62,-58
-3,-1,9,5,1,-7,2,0,-2,-5,-2
-49,-14,5,245,32,77,-208,108,73,-108,218
-47,13,-10,300,102,-5,-218,-155,85,-10,-20
-40,-3,34,312,-62,62,-137,1,213,102,-330
-120,-44,63,9,173,66,-270,292,43,-252,-51
-58,-10,11,395,-121,-6,-152,105,130,-119,-56
-156,-10,24,58,343,-38,-215,138,271,-231,63
-57,-10,19,206,170,89,-113,-119,191,-229,-12
-209,-5,32,45,249,141,-31,-82,241,-130,-305
-99,-10,24,265,70,60,141,-318,164,-218,-94
-124,-2,21,86,165,8,34,-24,122,200,-208
-44,-13,22,339,-51,-33,10,-37,151,-136,275
-146,-9,108,93,76,124,-76,-41,173,-105,-169
-62,14,-13,153,-80,259,-205,129,145,-76,151
-75,-7,19,101,23,61,61,-54,-10,10,19
-93,-7,29,40,57,281,-189,-65,365,-287,126
-80,-68,36,158,-149,438,-23,-352,259,-241,-70
-108,17,-6,160,140,102,-160,221,-34,-193,39
-135,-7,2,244,79,122,-149,-153,75,408,-483
-18,-11,7,163,-11,475,-428,60,-25,30,273
-58,-1,-10,165,210,-104,-127,72,176,-191,-76
-44,-14,13,257,-50,213,-125,135,13,-189,157
-32,-12,9,190,-65,250,-244,-10,158,285,-470
-16,3,8,387,-137,76,-96,-54,156,6,-220
-98,-10,9,107,102,36,-3,-33,-83,-20,44
-6,4,-9,109,94,65,-68,14,16,109,-143
-9,-27,21,15,114,21,1,-30,120,-34,-192
-14,-6,5,101,51,122,-121,-36,300,-211,18
-29,-22,16,95,42,21,-89,-17,22,239,-184
-14,-14,11,145,75,39,-4,-14,28,84,-114
-14,-12,31,55,65,84,-49,-151,138,-30,71
-3,-10,13,51,128,60,-50,-28,361,-104,-187
-396,147,214,984,4,223,-504,19,947,-177,-349
-97,-40,-2,354,1099,-40,-30,160,10,-640,-617
-77,-88,-14,443,1115,0,-100,150,-120,-350,-836
-64,-51,-10,393,1060,-10,-140,160,-50,-480,-675
-113,-8,-44,516,1138,-330,90,140,30,-640,-659
-98,-93,39,231,460,-120,300,620,-50,-520,-686
-72,-49,-9,543,830,60,50,110,-110,70,-1198
-71,-88,34,459,1161,-230,50,180,0,-650,-688
-102,-44,-19,531,1090,-110,20,60,0,-650,-746
-77,-66,12,447,1490,-450,-80,90,0,-540,-686
-106,-49,18,482,1088,-210,-50,90,0,-380,-765
-114,-53,-14,382,1144,-80,-140,230,-10,-310,-901
-124,-60,-6,399,1195,-110,-50,110,-70,-490,-755
-91,-98,32,387,1335,-280,-40,30,20,-180,-1003
-89,7,-20,433,1092,-110,-100,220,-120,-420,-768
-43,-40,45,407,1382,-270,-30,130,30,-680,-750
-68,-12,42,438,1298,-280,-10,90,-20,-570,-790
-66,7,14,426,1103,-160,50,160,-80,-570,-731
-51,10,-1,429,1165,-50,-10,30,-20,-560,-805
-32,-54,37,320,1198,-140,-100,170,-60,-290,-918
-62,-10,16,449,1110,-170,-130,-50,240,-520,-792
-38,-27,54,349,1155,-30,-100,110,0,-560,-770
-71,21,-24,407,1110,-40,-130,170,20,-510,-796
-68,-12,25,393,1144,-110,-90,40,60,-470,-740
-15,-12,2,370,1145,-160,-80,180,-370,-120,-837
-71,20,4,381,1211,-260,-40,160,-40,-460,-712
-72,33,-27,387,1029,-70,100,-10,0,-490,-739
-49,-38,-78,428,983,30,-120,200,-50,-480,-715
-12,-74,8,373,1161,-230,30,30,-60,-380,-760
-40,-5,15,387,980,-90,110,170,-130,-450,-754
0,-23,19,399,1364,-290,-40,130,20,-600,-864
-47,23,-12,383,1100,30,-90,140,-70,-220,-1036
-78,-44,139,185,20,-16,-129,-45,260,-47,-24
-10,8,-1,197,170,-95,-107,193,-49,-132,-57
-41,16,-31,160,140,-105,-59,157,-65,-99,-45
-20,-2,18,158,181,-121,-88,160,-17,-177,-24
-8,14,-17,214,138,-91,-55,147,-88,-109,-24
6,-3,-43,163,159,-90,-58,165,-65,-146,-22
-6,-10,-25,188,186,-93,-84,180,-75,-153,-52
-2,-3,6,194,125,-117,-56,149,-39,-120,-36
6,-39,6,184,105,-61,-61,142,-63,-71,-67
-24,12,-33,197,132,-113,-47,193,-85,-159,-44
-25,5,18,178,124,-116,-44,169,-38,-74,-66
-24,-23,8,122,230,-167,-80,162,-7,-156,-98
-18,-8,-6,233,171,-131,-90,124,-19,-134,-27
0,-7,11,201,170,-140,-77,217,-56,-141,-35
20,-10,-10,157,174,-138,-58,217,-62,-172,-66
-5,-24,-3,192,154,-123,-59,169,-29,-152,-47
-9,7,18,156,135,-101,-63,175,-48,-94,-62
-8,-35,5,186,109,-145,-80,230,-48,-158,-76
-23,1,4,252,68,-104,-40,163,-73,-160,-72
-25,-8,0,234,122,-77,-141,224,-13,-215,-58
-22,-15,4,196,81,-85,-88,163,-45,-107,-58
-5,14,-31,198,92,-74,-79,143,-40,-162,-32
1,4,-8,218,125,-138,-34,134,23,-125,-101
-10,-38,25,166,143,-154,-5,109,-2,-165,-44
3,-16,-19,208,112,-94,-1,141,-31,-164,-48
34,-20,-4,123,202,-58,-54,200,-93,-145,-34
-25,-41,8,164,154,-117,-76,149,23,-197,-33
-8,-25,-14,187,121,-93,-83,177,-20,-116,-52
-8,18,-2,192,106,-63,-67,123,-58,-81,-81
6,-27,28,158,142,-54,-108,169,-47,-84,-73
-2,-9,6,185,132,-65,-85,137,-49,-138,-40
5,4,15,220,96,-111,-38,151,-68,-105,-19
69,-16,3,-47,22,35,-14,19,14,-49,-41
0,52,-2,86,55,-145,152,-26,-39,-47,-10
-2,1,2,5,8,-2,10,7,-22,-6,4
1,-4,2,18,-5,8,-1,14,-24,-3,5
-7,4,3,60,33,-14,-19,92,-94,-50,14
5,-4,3,46,42,-8,-29,30,-19,-53,-4
6,-3,3,59,11,25,-1,-18,-18,-42,-7
5,2,-2,52,13,6,0,23,-36,-52,2
1,-1,-1,67,52,-33,23,0,-63,-31,-12
-2,-5,5,19,4,-2,7,4,-23,1,-2
-6,12,0,43,-14,-11,10,-9,-9,-3,-4
1,-3,3,76,-11,4,1,83,-91,-40,-4
2,-2,-3,79,6,-2,33,11,-55,-42,-3
-1,-2,2,85,-6,-8,0,62,-58,-67,6
-1,-1,10,61,6,15,-19,46,-46,-43,-15
-4,2,13,64,9,-8,-3,26,-34,-51,-5
1,1,-2,15,9,0,-1,3,-22,4,-3
1,1,-2,39,-18,4,9,-5,-23,-3,9
3,6,-2,47,48,-6,-9,44,-40,-65,-6
-6,1,11,59,32,-4,-19,40,-57,-47,7
0,-5,6,57,17,-1,-13,30,-36,-57,8
-5,-3,5,47,16,22,-31,65,-59,-46,0
2,1,3,53,21,0,-23,33,-27,-45,-4
5,0,3,3,13,10,-13,5,-9,-4,-4
0,-1,0,69,-43,-4,2,-7,-1,-13,3
-1,1,-6,87,14,-25,-10,35,-47,-39,2
-3,-1,3,83,22,-31,-17,42,-37,-44,1
-4,2,-1,88,13,-35,2,37,-45,-46,0
2,-4,1,62,15,-18,7,0,-20,-35,8
-1,3,-1,60,4,-22,21,-13,-8,-35,3
-5,1,0,9,6,3,3,9,-20,5,-3
-1,1,1,25,-11,-6,21,-11,-15,0,14
-1,-2,4,61,31,-25,21,-5,-19,-41,-11
-15,16,-14,492,447,-656,485,-67,-2,-467,-49
-78,-10,-4,408,2103,240,20,140,-30,-960,-1760
-77,-10,1,444,2232,260,20,70,-110,-2450,-307
-40,-6,-2,781,1863,260,0,-50,-200,-2269,-221
-84,-9,9,406,2033,160,100,70,-120,-2247,-286
-49,-7,45,381,2170,120,70,100,-160,-2305,-308
-66,7,-8,423,2059,330,20,130,-100,-2477,-271
-61,9,17,358,2333,270,-50,160,-200,-1080,-1685
-56,-9,-17,409,2340,230,40,-40,-60,-1000,-1743
-78,-1,3,371,2131,270,0,100,-170,-2358,-239
-82,3,-7,716,1669,320,80,60,-200,-2243,-250
-48,-13,37,345,2090,210,190,150,-220,-2424,-244
-65,-6,13,418,2036,280,140,40,-120,-2397,-274
-37,-10,14,402,2147,320,120,90,-220,-2489,-91
-74,4,6,365,2165,320,60,-280,0,-990,-1543
-42,-2,1,381,2234,260,50,20,-140,-1040,-1573
-88,44,15,355,2210,110,70,120,-120,-2428,-186
-54,-51,23,757,1852,250,20,110,-170,-2437,-233
-66,-43,22,421,1963,330,-40,60,-50,-2414,-179
-62,5,24,381,1971,170,20,170,-130,-2244,-221
-85,10,8,432,1940,180,100,40,-180,-2094,-321
-52,-16,9,385,2115,90,20,110,-80,-990,-1554
-50,-2,3,424,1944,230,120,130,-230,-900,-1631
-48,-13,4,391,2070,290,20,140,-170,-2362,-248
-51,-2,10,656,1619,100,20,-30,-40,-1930,-256
-88,-29,16,352,1894,110,-40,90,-80,-1988,-191
-76,12,4,354,1869,110,80,110,-70,-2108,-202
-42,-26,-5,421,1786,160,-30,80,-30,-1998,-245
-32,-9,12,323,1807,100,-30,80,-30,-780,-1330
-135,2,-2,424,1802,220,0,200,-120,-830,-1550
-82,4,-4,393,1941,180,160,40,-120,-2160,-281
-67,-16,12,652,1631,200,60,210,-120,-2268,-235
-10,-13,11,38,39,51,-40,-28,79,21,-101
-180,-69,30,170,43,96,-150,-7,30,12,-12
-114,-20,62,37,186,50,-154,46,51,-40,36
-124,-47,61,147,272,41,-271,71,-43,24,-33
-139,-12,36,146,158,101,-176,121,-127,17,34
-147,-38,45,133,217,-22,-52,35,-81,39,-67
-102,1,11,210,175,60,-61,-78,-4,-2,-7
-104,-27,29,173,201,46,-72,159,-220,-50,42
-195,-9,25,126,192,-3,-62,-26,87,-2,-113
-46,-61,58,160,94,-2,-133,37,49,-47,-29
-100,-45,110,130,194,18,-103,2,-3,-80,6
-105,-82,58,202,199,33,-161,181,-165,56,-114
-74,-63,40,215,169,-9,-129,98,-34,-18,-33
-111,-76,50,176,231,13,-78,92,-71,25,-104
-145,-34,44,105,283,-4,-164,30,-102,50,-50
-174,-20,37,106,190,-102,-29,-19,44,44,-70
-160,-41,20,182,115,-41,-48,9,-20,92,-59
-171,-50,32,182,233,35,-86,47,-113,25,-66
-140,-63,92,169,163,-52,-52,87,-106,-14,-90
-121,-33,55,241,85,55,-147,135,-126,101,-154
-101,1,47,140,251,-39,-62,18,-103,-41,37
-118,11,-24,107,274,35,-168,-9,-16,20,-46
-91,-42,66,65,180,-11,-90,119,12,5,-17
-122,-29,71,59,153,-63,-32,20,-71,182,-73
-130,-34,57,115,218,-28,-40,11,-128,69,-77
-90,-68,44,164,334,-35,-133,133,-144,31,-109
-116,-17,45,148,298,36,-133,-38,-72,-9,25
-21,-92,82,127,164,-40,-76,57,-73,127,-150
-134,-39,94,79,199,-20,-37,50,-110,40,-29
-146,11,43,77,144,-24,-140,152,-40,64,-96
-94,-96,52,165,174,-177,34,29,19,126,-158
-108,24,11,72,268,-2,-81,30,-65,50,-7
-26,-3,44,49,-5,0,-32,19,34,-8,-22
-95,-27,-41,-312,196,157,139,45,-187,-144,122
2,-3,-3,31,-19,-1,9,-12,11,-3,1
-52,-806,796,50,64,4,-57,13,-8,26,-71
26,-8,-17,46,49,7,-19,1,22,-44,16
6,-30,-16,20,70,316,30,-10,-50,-50,60
-10,-10,0,-30,100,-30,-20,0,10,-10,-10
-20,30,-30,-50,-662,-2,8,131,227,-413,-10
-20,0,10,20,10,10,0,-322,-37,-25,354
0,10,-30,0,-313,38,-57,57,-51,356,-10
0,0,-20,0,-597,-104,-43,26,-39,11,-45
-378,3,-18,12,882,-22,0,-18,-34,43,-17
-10,10,-20,0,80,-10,-20,0,-20,-10,-30
70,20,-30,20,70,0,-40,30,-20,-20,10
-10,0,10,0,80,-372,-54,-6,-22,-37,-774
-1,-1,-7,-10,45,18,-53,23,28,-27,-5
-11,0,3,-5,21,32,-43,36,13,-17,-7
-14,-2,20,-16,40,4,-45,30,-9,-5,10
-15,-3,1,7,45,-48,-8,3,29,1,-8
7,-8,-9,3,863,-45,9,-4,34,-34,-3
-4,-10,-4,-39,57,-1,-19,7,22,-16,-19
-36,41,-33,-81,-717,-2,14,1,-11,2,-3
0,-23,22,-22,54,-29,6,-10,22,-16,3
-7,5,-7,30,7,3,-8,10,-28,-13,3
-1,2,-16,0,23,28,-51,34,32,-51,3
-13,19,-31,6,84,0,-58,26,-66,37,-14
-6,-3,12,25,-4,-10,-17,12,26,-9,-7
-93,10,76,-28,51,-29,45,-39,70,-54,64
69,-82,7,91,-61,90,-34,-74,84,-50,-107
70,-78,65,-35,119,55,-141,130,-98,73,-78
91,-87,82,107,-120,-26,45,6,-33,11,56
-132,3,68,17,75,-100,57,27,-73,161,-161
-1,-77,89,63,-101,22,21,-21,-53,119,-135
-95,-10,-19,143,90,-204,-28,45,136,-14,-36
-4,-70,55,-61,95,11,-136,104,-61,-5,-19
-96,1,-5,115,-20,1,39,-57,95,-8,-115
74,-94,35,21,31,88,-61,-127,73,-92,39
-104,-7,102,-84,121,-167,-49,109,79,46,-42
-18,-88,34,-186,78,-3,83,110,27,-54,-74
-7,-65,70,144,-108,68,-84,-18,97,-106,80
-66,-15,27,34,94,-8,-99,-10,2,8,-69
-90,71,16,39,-3,-24,-11,27,-9,-11,-34
-72,-1,8,51,23,-42,40,-33,112,-60,-3
-80,61,-72,91,130,-130,27,-29,102,-10,-130
-13,-99,9,117,-71,-19,27,-58,62,23,-53
-80,62,-71,147,-29,76,37,-179,114,89,-100
83,-87,56,-8,21,-40,73,-36,36,52,-111
-4,72,-132,118,-24,58,-101,90,-25,53,-110
-90,-17,88,67,-41,14,-31,-89,95,-41,-41
-63,61,-68,37,45,-46,76,-69,-19,93,-12
-15,76,-48,106,-66,91,-119,75,-5,33,-153
-16,-86,35,34,73,85,-165,123,-121,47,58
-100,6,19,139,-50,-26,-8,-14,-669,2930,-410
70,270,70,150,-30,-2283,198,-255,44,-51,262
2,13,-112,56,1,-228,167,45,97,9,-103
7,-130,91,-40,74,9,18,-28,-38,71,-119
-34,-15,23,3,62,0,-28,24,66,10,-72
-51,-13,35,-62,68,-5,-31,-30,23,-60,112
-120,-90,-59,119,150,-80,70,70,0,-170,-90
-60,-20,-60,-40,200,-40,120,-170,-90,-50,410
-178,-18,-100,-47,363,-120,60,-100,120,140,-295
150,-260,-170,170,140,-110,20,-80,0,80,-120
20,-168,-48,6,91,18,-1,-154,226,-36,76
150,-30,-80,50,10,0,-170,14,286,-110,-50
-100,-91,191,-150,140,-80,50,-110,-20,150,-265
100,20,-20,-80,310,-344,264,-190,230,-20,-140
-20,-20,60,-180,80,-50,130,-220,210,-10,-70
80,-100,20,-82,242,-130,-69,-19,228,-224,64
-268,10,58,-60,250,-60,50,-160,-30,150,-110
10,-100,-10,170,100,-120,-130,50,100,-220,-73
-290,80,-162,162,40,-246,62,-41,-85,310,-162
-106,46,-40,-30,100,-60,60,130,20,-325,145
-120,-60,300,-140,-70,-178,138,100,-170,210,-313
-90,60,-40,-148,248,-231,161,-349,87,-10,192
-85,145,40,-50,110,0,-20,-70,80,-70,160
-48,38,20,30,-80,80,-20,-90,80,-20,-77
0,-175,235,-198,68,20,-66,76,250,-344,104
-180,160,-373,163,0,-187,137,-84,84,-51,71
40,-182,122,-123,33,160,-192,-56,158,-90,110
38,200,-261,-15,296,-303,133,-50,140,-150,-120
110,-120,20,-40,130,-242,112,30,30,150,-325
210,-336,32,114,-125,45,-10,-245,210,-41,48
80,-172,172,-40,60,-200,70,-112,172,-70,-71
300,-240,-250,-329,759,-436,-78,40,140,13,111
-60,180,-120,90,-30,50,-20,-50,-140,150,30
322,-100,70,-140,260,-140,-100,110,-100,130,100
90,-20,-213,303,50,-150,-60,100,-10,10,30
-140,60,80,-130,100,-130,200,-110,130,-210,50
-80,167,38,-92,-32,156,-138,50,86,-16,-31
240,40,-260,40,260,-10,80,0,10,200,-30
320,-30,0,-260,220,-40,30,-270,290,40,-10
300,-20,-260,0,40,170,20,100,30,30,10
50,50,-10,-290,320,-60,-20,-290,270,210,0
310,-80,-120,-160,-80,80,270,30,10,10,-20
340,-160,90,-200,270,-10,-10,40,-40,-940,30
270,-20,-300,40,300,-180,110,-260,290,10,-10
80,-20,-10,-340,350,-10,-40,-430,150,280,30
350,-50,0,-240,280,-50,40,-140,140,-990,0
258,20,20,-295,295,-10,-50,30,50,-40,20
185,15,0,-246,316,-30,-20,-166,196,-30,-20
0,1,0,2,0,-1,2,-4,-2,1,-1
-1,0,1,27,5,-3,-4,6,-13,-16,-3
-5,0,6,-6,3,1,-1,1,-4,4,1
-5,0,4,-4,83,-14,-1,8,-71,-5,0
-1,0,-1,0,18,50,0,-66,-2,-4,7
0,-5,0,0,23,-16,0,-7,0,0,6
-1,-1,-4,0,31,-7,15,-26,-13,0,0
-1,0,-5,0,82,-43,-16,-3,-20,4,4
-7,5,-5,4,3,-7,7,-7,0,5,1
-5,0,0,0,38,-27,0,-11,0,4,1
-5,4,-4,5,53,-53,-1,43,-47,0,11
0,0,-5,0,52,-44,-8,0,3,1,2
-2,-4,7,-7,68,-1,-2,64,-129,0,8
-6,0,0,0,68,1,0,2,-71,4,-4
-1,1,-5,0,45,15,-7,-12,-41,5,-5
-5,5,-5,0,121,-56,22,-5,-82,0,6
-3,1,40,54,20,27,2,-52,-53,-6,-14
-56,17,-14,835,-52,35,-662,574,-621,-72,40
4,29,-54,176,107,-175,3,41,-53,0,-12
-27,31,-19,697,495,-210,-746,245,-331,-59,3
21,-27,48,793,4,-78,-542,72,-113,-118,-14
4,-11,-9,300,801,-784,-105,228,-233,-83,-75
13,9,4,922,200,-240,-10,-59,-642,-57,-45
4,-18,-9,336,147,-225,65,41,-139,-119,-22
-6,12,30,187,179,-241,-1,10,-87,-32,13
-8,-23,16,207,27,-75,-73,17,-7,19,-58
1,-14,19,406,208,143,-142,241,-679,-115,-28
-16,10,0,307,64,-185,34,229,-340,-26,-52
15,-22,-27,425,81,-238,110,132,-300,-95,-37
-38,-4,12,946,50,-194,114,110,-704,-179,-88
-63,9,0,443,165,-211,-17,231,-477,-43,-40
15,15,-68,295,193,-333,96,199,-303,-69,-19
23,-3,-41,190,366,-455,104,-24,-80,4,-21
-21,-2,11,496,583,-200,-457,241,-388,360,-552
34,-45,18,476,559,-256,-9,345,-794,-181,-89
-28,13,-22,812,210,-766,636,-62,-672,-61,-54
-43,49,-71,382,231,156,-90,351,-756,-130,-44
0,34,-48,1007,290,-830,510,-361,-396,-81,-24
-12,4,-27,323,109,-227,-13,174,-301,39,-3
-20,21,-10,391,2,-319,154,-41,-144,35,-17
-22,5,25,225,703,-60,-134,174,-798,-41,-72
-16,-19,10,366,52,-196,-7,45,-81,-64,-2
-36,21,-23,820,388,-310,-20,-97,-625,-2,-71
-31,11,-34,348,110,-162,176,101,-189,-217,-45
-58,16,-3,515,-115,476,0,-20,-687,45,-66
-83,-3,-20,210,-13,-79,21,8,-79,-7,-47
-22,46,-24,156,136,266,216,-635,-62,-2,-42
-32,18,-15,880,130,-246,-488,226,-283,-67,-39
-8,-2,10,36,-9,18,-10,-20,47,-4,-17
-37,-173,-66,265,3,-133,-39,133,-81,127,-110
-4,-192,-51,212,29,-8,-195,187,-140,149,-77
-18,-136,-28,109,75,-65,-49,-6,105,-11,-36
-85,-122,-44,130,84,-11,-104,184,-132,143,-209
-78,-101,-37,153,116,-28,-115,128,-111,128,-129
-16,-42,-5,211,57,-1,-48,16,-131,183,-141
-15,-113,-36,279,-16,53,-60,-33,-108,158,-138
-86,-56,-97,156,66,0,-72,44,-35,-24,-35
-25,-116,-65,204,72,-145,36,32,-132,75,8
-103,-159,-35,254,-33,-25,-12,-68,-2,160,-130
-42,-136,-23,90,123,-68,72,26,-164,66,-16
10,-120,-35,294,-7,-84,-5,-5,-83,203,-144
-30,-205,28,287,-24,35,-86,20,-117,34,-35
-10,-26,-101,227,67,-41,-53,39,-131,183,-149
-60,-26,-105,245,71,-47,-54,29,-158,77,-39
-54,-95,-86,279,50,-93,-4,40,-165,56,-24
-38,-83,-56,237,-35,19,48,24,-109,-17,-35
-28,-112,-29,216,27,-56,-31,48,-135,87,-85
-40,-115,-7,189,7,-29,-28,35,-146,135,-95
-45,-39,-136,282,-24,-61,39,35,-148,100,-94
-25,-161,-2,231,15,24,-213,171,-155,89,-38
-31,-147,-35,242,65,-118,43,56,-157,76,-57
-8,-200,28,238,40,-10,-124,50,-151,87,-48
-24,-153,-21,311,-51,71,-99,24,-100,19,-7
-77,-123,-29,321,-38,16,-61,68,-79,-35,-41
33,-162,12,281,-49,-147,79,-86,-20,53,-18
-47,-25,33,154,92,-157,12,124,-150,95,-57
-48,-158,-32,219,-20,-43,93,-98,14,41,-11
-13,-127,-61,249,37,-128,28,198,-314,156,-41
-31,-178,-39,307,-30,-108,-83,188,-175,201,46
-32,-204,-11,255,25,49,-214,161,-24,-27,-46
0,1,66,-38,29,-44,-39,107,-38,-52,83
-4,1,1,22,16,-3,-5,6,-3,-16,-1
980,-560,-110,-410,70,290,-160,-40,320,440,260
-150,-60,-180,280,480,-650,-250,290,270,430,100
-620,60,-170,-200,360,280,-280,2110,3160,200,100
-100,0,-100,100,200,100,-200,0,100,200,100
100,-200,100,100,200,0,-100,0,0,300,0
0,0,0,100,100,-100,-200,-200,300,300,100
-100,0,0,100,0,-100,-200,100,200,200,0
0,-100,0,100,100,100,-300,0,100,200,0
-100,0,-100,0,100,0,0,0,0,100,100
0,0,-100,100,100,100,-400,200,-100,100,200
0,-100,100,0,-100,100,-100,100,0,200,-100
0,100,100,100,-100,0,-200,0,100,200,200
-100,0,0,200,0,0,-100,0,200,100,0
-200,0,0,200,0,0,-200,0,100,300,0
-200,0,100,100,0,100,-300,100,-100,300,0
-100,-100,0,200,0,0,-200,200,0,100,200
-100,100,-100,100,100,0,-200,100,100,300,0
0,-100,-100,100,200,0,-200,200,0,100,100
-100,100,0,100,200,0,-200,0,100,300,-100
-100,0,100,-100,100,0,-200,300,-200,300,0
-100,0,0,100,100,0,-200,200,-200,300,100
-200,200,0,0,100,0,-400,200,0,200,100
-100,0,100,0,-100,200,-300,0,300,100,0
0,-100,0,100,300,-100,-100,100,0,200,100
-8350,-170,90,60,-80,490,-490,380,900,-950,610
-810,80,160,-100,2270,-250,0,-1780,-130,-30,310
-430,-40,-30,280,190,200,-780,420,230,190,-100
-510,-250,130,30,320,150,-500,130,-20,190,390
110,-340,280,80,-380,190,-570,560,-270,480,280
-120,-150,-200,410,-70,-80,-280,0,380,440,-160
-410,-190,160,150,1350,-910,-500,-330,700,410,-120
3,-54,100,-80,114,-54,30,20,-38,20,-13
-5,2,3,35,21,-23,3,11,-21,-22,1
-500,0,-400,200,400,300,-600,300,0,100,600
-200,-400,-100,400,600,0,-200,400,-200,100,-100
0,-200,-400,500,100,500,-200,-100,0,-100,400
-100,-400,-200,500,200,0,-200,100,300,0,0
-400,0,-100,400,400,-200,0,0,-200,-100,400
-500,-200,-200,300,600,300,-500,200,100,100,400
-200,0,-200,400,400,0,-200,200,200,-100,400
0,-100,-300,200,400,300,-100,-100,300,200,-200
-200,-200,0,500,300,-400,0,300,-100,300,100
-100,0,0,200,200,100,-100,200,0,-100,200
-300,-200,-200,300,400,100,-100,400,0,0,0
-100,-200,0,200,300,200,-100,300,0,0,-200
100,-300,-200,200,500,400,-300,100,100,0,200
-300,-300,-300,500,300,0,100,-200,0,300,-300
100,-400,-200,300,300,400,-500,300,0,200,-300
-400,-100,0,400,400,-100,-100,-100,100,300,100
0,-300,-200,300,500,200,-200,200,300,-300,300
-300,-100,-200,300,100,0,-300,100,0,500,-200
-200,0,-100,300,300,-200,0,400,-200,300,100
-700,300,0,500,0,400,-600,200,-100,400,100
-200,-100,-200,300,200,400,-300,100,0,100,-200
-700,300,-200,0,700,0,-200,100,100,300,-800
-300,-200,100,600,-300,200,-200,400,-100,300,-400
300,-300,-100,600,0,-200,0,400,-200,400,-300
-100,-200,-300,500,500,-100,-200,300,100,400,-200
-44,80,78,52,37,33,-87,18,91,6,-91
0,0,16,-1,1,-8,-1,2,2,-11,1
-4,12,11,14,69,-15,1,-3,-13,-55,-8
-4,0,157,-4,10,-144,155,-13,18,-8,-171
-8,8,171,-28,26,-162,104,38,-147,55,-60
-4,0,34,131,-83,-66,137,-91,93,-21,-129
0,0,15,11,91,-111,143,-118,-1,129,-163
-9,0,158,26,-22,-147,151,-29,25,-37,-112
-4,0,185,8,-125,-52,170,-61,52,2,-179
-5,0,179,23,-45,-145,144,7,-114,-37,-12
-5,5,176,20,-39,-147,181,-42,17,-161,-10
-4,0,149,-149,12,-12,62,-52,0,1,-4
-5,0,148,42,-2,-36,36,-15,-35,-123,-9
0,0,30,169,-151,-39,43,-17,117,-146,-11
-5,0,94,103,-187,7,19,154,-71,-105,-14
-45,-3,28,-4,44,-13,-37,52,5,-31,21
-20,10,-40,40,-10,50,-30,30,0,-20,-10
-40,20,30,20,10,10,30,10,-10,0,0
-10,10,-20,0,90,30,-20,50,-60,-30,-30
-10,10,-40,40,40,10,-20,70,-50,-20,-10
20,0,10,20,20,30,-20,70,-70,-20,10
-10,0,-20,60,50,0,0,-10,40,-60,-30
20,-20,-30,40,60,30,-40,70,-30,-60,0
-10,-20,0,-10,40,20,-10,30,0,-10,-40
10,0,10,-10,10,0,20,30,-50,0,20
-40,10,0,20,50,20,10,10,-20,-20,-20
0,-40,0,20,90,10,-30,50,-30,-30,-30
-40,10,-20,40,110,10,-30,20,0,-30,-10
-20,30,-30,20,90,20,0,20,10,-90,0
-50,10,-20,80,70,0,-40,-30,-10,-20,-20
10,-10,10,30,40,-10,0,20,-30,-20,-10
-20,10,-20,0,40,40,-10,20,-30,-20,10
-30,20,-30,10,110,-10,0,40,-40,-40,-30
20,-20,0,50,50,10,-20,30,-50,-30,-50
-10,-20,20,10,70,40,-30,20,-20,-50,20
-10,-10,10,10,80,-20,0,60,-40,-30,-10
-20,-10,-20,30,50,0,-20,60,-60,-40,20
-20,10,0,30,30,0,40,-20,10,-20,-20
-40,0,-10,40,30,20,0,0,-20,-10,0
-10,-10,10,-10,60,-30,-20,20,0,-10,-10
-20,20,-40,20,40,-10,10,10,-10,-20,0
-10,-10,-10,10,90,-30,20,40,-40,-10,0
-30,-10,20,10,30,20,-20,30,-20,-40,20
20,-30,10,-10,60,-10,0,20,-10,-10,-30
-10,-10,0,20,20,20,10,-30,10,20,-30
-10,-10,-30,40,10,-10,50,0,-10,10,-20
-30,40,-10,-10,100,-10,10,40,-40,-30,20
-2,11,14,-5,25,-23,1,20,-29,16,-1
-35,-82,-2,9,24,127,-10,32,-29,-1,-11
0,0,0,1,-1,0,0,0,0,1,-1
-23,19,-19,0,0,22,-22,0,0,0,0
1,0,-4,-17,27,-3,-24,0,0,22,-22
-23,20,-2,8,-4,-22,17,5,-1,0,-21
-8,-3,1,-35,45,-45,23,4,-27,32,1
-1,1,-28,39,0,-10,-4,3,-1,16,5
1,-1,-1,6,-27,-2,-20,26,-26,37,7
-2,0,-1,-33,23,-23,0,26,-5,6,-27
-2,-19,22,8,5,-9,-26,0,0,0,24
0,-18,0,35,-35,0,0,0,19,5,-24
-1,3,2,-21,32,-8,-8,-1,3,4,-22
-6,4,-48,0,0,20,-5,22,-20,21,9
0,0,-41,0,17,0,-2,-15,0,40,2
-1,1,-22,0,-2,-17,0,0,0,42,2
-1,0,-20,13,0,-10,-5,-16,31,11,4
-1,1,11,-2,11,-18,-1,12,0,-13,12
-8,-1,-1,23,2,-3,-30,24,4,9,-11
31,-2,8,34,3052,240,-60,70,-40,-130,-3148
14,-31,9,66,3379,20,20,40,-270,-110,-3084
3,2,-13,187,3095,140,-40,50,-240,-120,-3046
-23,-9,3,53,3313,-130,20,240,-250,-120,-3088
11,7,-25,54,3275,-50,50,110,-210,-140,-3076
12,-8,0,81,3362,40,-50,90,-270,-130,-3123
11,-8,-12,34,3342,80,20,120,-360,-140,-3022
11,-30,5,71,3291,-10,80,120,-110,-310,-3011
-19,25,-2,64,3238,-10,-20,30,-140,-240,-3032
-5,-9,-1,53,3191,60,10,40,-120,-290,-3012
5,-13,0,71,3085,80,20,60,-200,-110,-2966
-13,10,-9,50,3081,80,50,50,-240,-170,-2838
-1,13,-18,35,3078,40,80,50,-110,-270,-2930
7,-10,0,96,3104,-80,160,-30,-200,-100,-2951
-18,-2,9,80,3168,70,-30,10,-150,-190,-2985
0,-7,9,36,3236,-110,90,20,-150,-160,-2850
5,-5,6,-19,3195,-150,100,120,-140,-260,-3059
-16,-26,-4,77,2933,50,50,60,-420,-110,-2588
-3,-10,10,39,2975,-130,70,150,-130,-440,-2632
-1,-24,11,51,3046,-50,10,-60,30,-110,-2819
-6,-12,1,59,3025,-30,10,-10,-40,-120,-2956
3,-12,9,72,2997,-10,160,10,-170,-130,-2875
-4,-11,-2,29,3055,-10,10,100,-140,-140,-2897
-17,-6,-21,16,3032,-20,0,0,-60,-90,-2793
12,-18,4,19,2954,20,-30,40,-40,-140,-2889
-9,-32,1,159,3019,-10,10,-40,30,-150,-2937
28,12,-23,73,3006,-20,10,180,-240,-90,-2891
-16,-6,-1,37,2976,-20,40,20,10,-140,-2845
-29,-2,5,13,2942,80,20,20,-20,-60,-2501
-40,9,-1,66,3043,-20,220,10,-200,-50,-2651
-3,-24,7,37,3099,0,30,30,-40,-120,-2492
-1,0,6,14,20,-26,6,11,7,-14,-12
-120,70,-70,70,110,-140,30,90,-20,110,-90
-200,130,70,-50,800,-90,210,-50,-90,100,-150
40,-160,910,10,180,50,-30,-40,100,-50,-100
-40,20,10,120,-110,200,-90,-20,120,-100,50
-100,140,-80,190,30,20,0,-10,-80,0,30
-1450,140,1320,-780,-320,250,70,240,-240,100,20
630,100,20,190,-20,30,-70,20,-120,-30,90
-50,0,20,170,20,-150,60,150,-320,190,-170
-40,-10,10,-770,-290,-30,-370,70,-50,-80,0
-100,-10,680,200,20,-80,70,-10,-160,140,0
60,-10,720,0,40,180,60,-30,-160,90,-130
-60,140,-100,190,-1320,1300,-140,80,-60,140,-270
-10,-20,60,160,10,-60,-60,90,-440,360,100
-150,40,-100,-610,110,-60,-1260,1330,-30,30,-80
-20,-160,880,120,150,-100,-20,-100,-50,-10,-120
-40,0,-20,140,-790,110,100,0,-80,50,-130
-150,-220,30,220,-50,330,-130,0,160,-80,-120
-30,-60,-50,80,110,80,-20,-140,140,-130,30
-10,-10,-170,300,-780,-40,20,-510,30,320,20
-20,130,60,30,60,-40,20,-20,-30,-60,90
10,80,-160,190,50,30,-60,100,-1380,1220,100
10,70,0,210,-1390,1290,-20,-10,170,-1300,-70
1410,-50,0,80,80,-150,160,0,-250,-530,-70
-90,-130,200,30,110,-40,-60,-70,920,170,-80
30,10,50,-60,140,-20,30,-20,-1030,160,-90
40,-40,60,-20,60,0,-40,-10,30,-100,80
-240,270,-90,190,-1290,1190,120,0,30,-60,-90
-40,130,-90,150,-1250,1240,0,-830,800,20,-20
-120,-30,90,190,90,-130,-60,50,-10,-80,-60
-20,-60,30,-760,120,-250,-110,270,170,-50,50
-60,-1340,10,60,1310,-40,40,830,-70,-230,-40
-1,1,116,26,-119,-49,0,-5,153,1,1
-2,2,10,34,550,-119,110,-18,-193,-336,-14
0,1,7,18,607,-101,-3,8,-154,-343,-12
-8,2,13,92,534,-14,1,46,-245,-367,-33
0,-11,29,71,354,107,6,54,-204,-369,-21
-5,-4,34,56,610,-85,-12,39,-224,-350,-37
-13,-1,17,59,564,-36,-2,18,-216,-356,-19
-11,10,14,73,559,-38,9,30,-218,-398,-23
-2,-14,1,57,572,-58,13,-10,-184,-356,-32
-1,-5,10,43,554,-74,19,28,-199,-340,-13
-4,-1,9,86,573,-61,-12,55,-224,-363,-34
-1,-5,19,57,585,-47,7,43,-223,-384,-28
-10,-2,19,88,574,-39,32,1,-248,-361,-45
-15,-1,30,67,583,-33,28,19,-264,-369,-50
0,-6,25,67,572,-16,-5,42,-225,-414,-21
-1,-6,20,16,578,0,-14,30,-200,-377,-28
-8,1,12,40,562,-45,-7,33,-232,-329,-19
9,-8,41,63,624,-66,-8,21,-215,-408,-24
-4,-5,21,73,611,-78,-2,65,-274,-347,-42
-17,3,15,83,594,-110,-2,18,-178,-361,-33
-4,7,9,63,590,-55,-25,26,-185,-355,-55
-9,-3,19,58,367,151,6,24,-235,-316,-54
-6,1,18,38,539,-166,-10,5,-32,-340,-38
-8,17,-4,37,347,171,30,-5,-184,-351,-21
-2,-5,16,96,393,152,-172,140,-242,-324,-9
-9,-9,19,62,385,212,-202,147,-214,-367,-18
-7,8,14,85,364,154,2,15,-264,-315,-37
-3,7,9,60,386,215,-112,-8,-183,-325,-2
-7,-4,13,76,355,192,-59,18,-214,-326,-30
-10,-7,5,39,341,198,-48,9,-138,-348,-48
-5,0,5,37,346,242,-91,6,-173,-322,-11
-6,4,23,69,374,105,21,-5,-222,-310,-30
0,1,1,3,1,-4,-2,-1,6,0,2
-460,250,-1010,560,-790,420,550,250,-1360,810,1010
-860,430,-330,-590,430,-80,910,170,-700,-1030,870
-480,-370,560,-710,820,-60,-30,170,-140,240,-760
540,-50,-820,930,80,-790,1040,-140,-50,-510,460
-1070,150,-1210,1600,120,-590,50,150,640,640,-840
-110,820,-730,-1620,560,1500,-40,-420,760,-750,770
-170,-820,-430,730,50,750,-210,340,-20,-1030,210
1040,-290,-890,-460,280,600,-10,300,630,-260,-770
-750,320,330,20,-50,-100,-770,-100,80,1270,330
-630,220,120,-440,280,170,290,-2200,330,640,730
230,-810,430,-220,220,170,-250,690,-210,-1040,160
170,-350,-90,150,30,-430,450,440,-40,380,-740
-70,-430,400,490,490,-420,-240,-1040,110,570,860
-200,90,340,-590,640,-470,850,-250,-430,-190,760
330,-730,-330,90,-70,960,-850,450,1240,-780,-650
-400,80,240,-120,190,-380,-460,1110,-30,-460,-360
310,-120,-40,-540,-430,330,840,230,-350,-110,-100
-290,100,140,-1300,660,700,10,-170,80,-620,960
-40,110,-360,-20,350,300,-40,230,110,-790,-470
-220,870,650,-440,160,-560,260,820,350,-470,-400
120,30,-480,-380,330,-90,340,450,-1080,490,-120
930,40,-270,-420,230,1110,190,60,-370,400,80
100,-970,-640,350,360,1220,-110,560,-600,330,-480
-960,280,-300,-670,160,-150,720,400,-660,10,-30
420,-340,200,-400,550,-500,200,570,-230,270,-180
420,-390,-660,-740,430,470,900,-90,320,170,60
340,-120,-110,-1030,1090,130,-570,-110,1470,-530,-1020
890,250,-480,-340,390,-110,90,550,-220,-320,-310
330,-470,260,-90,90,-10,180,930,-250,-570,470
100,-600,640,-1530,310,150,-50,680,690,-180,30
230,-290,-680,160,-190,600,330,1130,-740,-1340,250
-1,-1,4,1,-1,-1,0,0,3,2,-2
-82,-6,4,90,-9,-45,0,107,-135,16,-30
1,-1,0,46,69,8,-3,49,-45,-109,-10
-2,-1,2,15,93,197,65,-71,-201,-86,-8
1,-1,1,19,115,40,-26,23,-46,-107,-8
0,-1,3,22,101,242,-93,-102,-44,-113,-5
-1,-1,1,23,98,248,-13,-178,-50,-109,-11
-1,-1,3,36,112,147,90,5,-257,-115,-13
0,1,-2,34,83,58,217,-2,-259,-114,-11
1,1,0,26,91,252,-177,-34,-65,-74,-14
-2,1,-1,31,89,198,57,-192,-39,-127,-9
-1,1,-1,27,91,90,168,-189,-59,-112,-9
-1,2,2,16,107,251,16,-69,-187,-124,-4
0,-2,0,25,101,247,-170,-28,-48,-105,-6
0,2,0,29,96,252,-200,175,-221,-118,-9
-1,5,-2,28,104,40,217,-98,-161,-115,-11
3,-4,3,33,82,279,5,-77,-193,-111,-8
0,0,2,15,120,257,-24,-189,-59,-110,-6
2,-2,2,28,89,2,14,-4,-29,-79,-15
3,-4,3,24,95,60,139,-64,-155,-82,-13
-1,0,0,43,55,260,32,-30,-248,-99,-6
-1,1,0,39,80,24,-14,-4,-16,-94,-3
1,0,3,26,105,-3,9,-14,-12,-98,-12
3,-3,4,21,98,-7,156,-100,-47,-104,-11
-2,0,2,29,82,17,-5,262,-248,-122,-8
-2,-2,1,23,98,8,249,-204,-28,-128,-8
0,0,-1,10,70,21,12,-4,-16,-77,-11
4,-4,1,24,80,30,-18,55,-69,-82,-6
50,1,0,-57,-25,-4,10,-4,-4,-2,16
-3,-13,8,70,111,3,-6,5,28,-167,-20
-8,3,15,15,110,4,-3,2,-59,-46,-9
100,100,-100,100,0,0,200,100,-100,-100,-100
400,-200,-400,400,-300,300,-100,0,100,200,-100
-300,300,0,-400,600,-300,-100,200,500,0,200
-300,-100,100,0,500,200,0,-300,0,0,-200
-300,-100,100,-100,500,-3100,3500,-100,-300,200,-100
0,600,-500,0,100,-100,-100,-100,0,200,-300
-300,300,0,-8100,0,-500,100,100,500,3600,3500
-100,0,-700,700,1200,500,-700,-600,100,-100,900
-200,-100,100,400,-700,0,-100,300,-100,800,-300
-300,-11100,1000,1000,1500,300,-31800,1210,6610,570,8910
-4400,-200,-200,-800,1400,7500,5900,500,-500,800,800
-1600,100,100,-100,1000,0,100,-100,300,100,-200
1800,2700,0,-100,200,500,-5100,-1700,1600,-20420,-760
-230,-1370,50,-170,-2480,-1711,611,0,-1260,311,-311
-776,0,0,0,0,640,-69,-571,276,-276,0
-514,291,276,-315,1378,-160,-60,960,1010,5910,13710
-300,-100,0,-100,2100,3800,-6300,1200,9000,800,200
100,800,-100,0,-900,500,-100,800,3800,800,0
0,-100,100,100,500,-2800,2400,800,-4000,500,3500
-200,300,0,400,-3100,-300,900,-100,900,-400,400
-300,-100,0,-100,100,0,0,0,300,100,-300
100,500,-100,-300,900,400,-400,-600,-1200,200,1900
-200,300,-200,100,-200,-500,-100,0,-1300,1700,300
-300,0,200,-3200,2900,600,-100,0,-5500,-800,200
-500,-200,200,-100,2400,100,100,-200,100,-200,200
-300,0,-200,100,200,0,200,-100,600,0,-200
-200,300,-300,-100,100,100,300,100,-400,200,100
0,-400,200,-400,600,2000,-100,-1000,-500,0,-300
-200,100,-100,-100,0,-5300,1300,3900,100,100,0
-4,-3,1,10,6,-3,-4,0,7,1,1
-40,-8,38,49,-2,277,-117,-190,135,0,73
-127,-12,63,31,-27,316,-41,-291,112,86,-41
-38,-15,22,189,50,-113,-32,-37,207,-76,-90
-19,-9,33,226,-171,246,-64,-65,-17,15,-71
-20,2,38,21,28,76,-10,14,143,37,-113
-22,-12,28,51,188,33,-197,-34,108,136,-146
24,-75,12,87,-23,103,-18,9,-21,66,-43
-29,-8,7,192,-3,-21,92,-95,65,-42,-70
-28,-11,40,43,148,114,-92,-173,158,94,-206
-23,-12,42,4,50,60,-30,-59,147,29,25
-18,-19,21,213,-136,228,-202,-61,211,-70,-109
-30,-3,14,141,-42,29,-14,-24,213,-94,-17
-63,-10,20,149,65,66,-222,123,-16,126,-85
-8,-10,1,17,48,97,-1,26,-1,-62,-59
-103,-11,40,11,172,69,-110,-122,239,-78,-156
-40,-29,23,216,-146,256,-44,-220,115,-17,-10
-27,-3,8,17,84,140,-82,-120,153,-34,-113
-166,-19,44,34,97,113,-165,-90,185,-26,-130
-150,-25,22,45,12,57,-7,-69,157,-22,31
-22,-13,84,130,-99,48,-71,-42,156,-2,-125
-43,-19,76,21,150,68,-205,-55,106,24,-2
-22,-18,83,-15,3,96,85,-179,221,-12,-180
-11,-20,13,184,-9,-31,21,-131,151,12,-123
-15,-4,50,7,12,51,-62,-37,121,-11,-82
-15,-14,74,-14,7,62,-23,-84,131,10,-102
-31,-6,53,11,12,79,-68,-54,180,5,-128
-12,-2,72,-32,0,60,-8,-70,118,20,-53
-45,-3,58,-19,28,48,-53,-39,154,-6,-100
-135,-23,64,12,14,106,-52,-102,130,18,26
-32,-7,59,-27,39,233,-222,-64,140,135,-208
-12,-2,57,-26,49,24,-30,-29,86,153,-213
1,-1,0,0,13,0,-14,1,3,-2,0
300,-100,-200,400,0,-800,600,-6580,-40,-10,7030
-100,-7220,-100,7820,-100,-400,400,0,0,-800,-11700
10090,1100,-6300,500,-100,-700,300,500,-200,0,-1100
-100,300,100,100,300,-500,700,-400,-400,100,400
-2450,740,4060,1940,1900,-400,-7200,1070,-20,7850,-1000
-500,700,-6690,90,7400,-600,400,200,-400,-100,-100
-600,400,-100,500,-200,-300,200,200,-200,6600,-6600
-200,-7990,8090,500,100,300,400,-300,100,200,-300
-400,-6390,6490,-2000,-4370,-1110,4380,3300,-6710,7310,300
-100,100,0,-6860,6660,-5040,6640,-2400,2600,-1200,-100
100,-5980,5780,1100,100,-600,500,200,-100,-200,-2300
-300,200,400,-600,1100,-700,900,200,-500,300,-600
-8220,8120,0,1200,-8180,-840,400,540,7480,500,-100
-482,370,52,606,410,-220,110,300,-260,150,-220
-147,26,406,371,890,-80,-190,190,-490,-590,30
-259,229,81,240,460,-90,-240,240,0,-20,30
1610,1100,2770,30,2700,-200,-800,5100,400,0,200
-1400,-900,-300,500,1100,-8640,6140,-100,-400,-200,-200
-200,-100,200,-100,400,-500,400,100,-6740,160,8880
-100,-600,0,-100,200,-400,400,500,-500,-7600,6000
-900,900,-300,400,-7450,-820,1200,-490,8860,-700,100
-300,100,-4780,6180,0,-400,200,-500,600,-300,-900
-100,400,-200,700,-8000,30,190,300,-1030,7710,-100
-300,300,-600,500,100,-200,400,700,-1000,-400,400
300,-6010,5910,1100,300,-800,300,300,-6500,6400,-100
-400,-6130,6430,1000,-8170,-620,560,-220,-510,7760,700
-6,-7,11,54,25,26,-24,26,94,-21,-64
360,70,-330,-300,480,-440,280,140,0,100,-230
-10,20,330,-270,-50,480,40,-70,-240,170,170
-320,310,-340,-190,700,-50,110,-150,-70,-50,-120
480,-250,-150,50,110,-320,780,-120,-230,370,-150
-300,140,-200,180,340,90,180,-330,80,130,-240
-190,280,110,-290,510,-370,70,-50,200,180,-140
120,60,-390,-170,-972,1132,230,-180,450,20,-90
50,-50,70,-350,520,-520,450,-140,-30,160,0
310,-200,150,-300,-190,-140,840,-240,-30,0,-70
-40,-70,100,-20,340,-60,90,-360,210,160,0
0,30,-30,-250,530,-360,400,-380,110,480,-30
-50,260,-640,310,320,-230,270,-410,120,180,-70
110,-170,-230,20,670,-260,30,70,-60,90,-30
-50,-60,140,-380,-1043,-3,272,654,390,100,400
260,-150,-260,-190,350,-70,180,40,-200,110,230
-170,-150,-370,290,220,-300,470,-190,-160,-30,250
190,-160,200,70,450,-160,180,-320,240,-200,-70
-440,80,-60,-70,190,40,100,-60,-130,210,-210
100,90,-130,-370,550,-90,0,-100,70,50,-250
-180,20,-285,-541,267,-99,-102,-280,0,0,0
-109,120,-120,0,80,11,-91,85,17,-102,0
-117,0,0,0,0,94,-94,0,0,0,0
-13,-17,8,53,-13,13,-37,20,19,-1,-15
60,17,-1,-70,-4,78,-77,4,75,-6,-76
-300,200,-200,0,0,300,-200,100,100,-100,0
-100,300,-100,0,-100,0,0,200,-200,100,100
-300,100,-100,0,100,100,100,-100,0,100,0
200,-200,0,100,100,-100,-100,0,0,100,-100
100,100,-200,-300,300,-200,200,100,-200,0,100
100,200,-200,0,100,100,-100,-100,0,0,0
0,100,-100,-930,730,100,-100,200,-100,0,0
0,200,0,-200,300,-100,200,-100,100,-100,-400
100,0,-100,200,-100,-100,-200,400,-200,200,-100
-100,0,0,100,100,-100,0,-4630,110,1760,2860
-100,-100,100,-200,200,100,-100,-100,100,0,0
400,-400,0,-100,300,-100,-100,0,100,100,0
0,0,0,0,100,-300,100,0,100,100,-200
-200,100,0,0,-100,0,200,0,-100,100,-200
100,0,0,100,-200,100,-200,200,100,0,-200
100,-100,-100,100,0,0,100,-100,-200,100,100
-200,0,-100,200,0,0,-100,300,-200,0,100
100,100,-200,100,0,0,-100,200,200,-200,0
100,0,0,100,100,0,-300,300,-200,300,-100
100,0,0,-100,0,-100,100,0,0,0,100
0,100,0,-100,200,-100,-200,100,0,0,200
-100,300,-100,-100,0,-1590,-9210,11000,100,-100,0
0,200,-200,100,-200,100,0,0,-1270,50,1320
-100,200,-200,0,100,100,-200,200,-300,100,200
200,-100,-100,-200,200,0,-100,0,200,-200,200
0,0,100,100,0,0,-200,400,-300,-800,100
-100,200,-4240,-180,-5780,0,0,0,5840,250,1520
1500,0,0,0,0,200,100,100,0,-100,-100
0,0,-100,0,100,0,0,100,0,-100,0
100,0,200,-300,100,300,-200,-100,-100,300,0
100,-100,0,-500,300,200,-300,400,-100,100,-200
0,8,-16,99,-46,25,-9,65,-47,-41,-1
10,-70,230,-50,-250,230,-10,-60,20,-10,-20
130,0,-90,70,-30,30,20,130,-20,30,-30
-760,20,60,-20,370,120,200,-40,50,-30,-140
-50,100,-130,120,50,-170,50,40,-100,110,-150
50,-70,50,-2700,-100,130,-120,1140,1600,-110,70
-10,-150,-620,110,90,10,-50,20,30,350,280
-100,140,-110,30,190,-230,80,0,-70,-10,170
70,-40,0,90,-20,-90,90,0,30,-80,80
-130,140,-80,-10,-120,140,-70,90,-220,80,30
10,-20,20,20,100,-140,130,-90,160,-90,10
70,-80,110,-150,200,-90,10,-70,60,-120,140
-90,50,130,-180,30,70,40,-90,30,-10,10
130,-40,60,-10,-80,-90,-10,180,30,-30,-20
70,-100,-20,110,-170,-450,-60,-110,620,170,-320
50,-80,190,50,-110,-130,50,160,-20,-50,30
-20,-20,-10,60,-60,20,-50,-100,120,50,-110
40,0,-10,30,-580,-220,60,40,310,200,170
-120,-50,150,-180,100,0,70,-70,80,-50,-90
-200,-40,90,-90,60,20,-20,50,70,-70,-10
-40,120,30,10,-110,10,10,70,0,-30,-20
-60,-100,160,30,-740,-10,30,-30,250,190,170
60,-80,130,0,-100,-6040,0,6110,0,-100,60
-330,50,-30,240,-60,-160,-370,510,-300,-380,840
50,-160,110,0,40,-20,-50,70,-90,60,-40
-30,50,80,-70,-690,-50,-10,20,320,260,160
-110,100,-150,0,100,0,50,-130,100,-90,90
-20,30,-1730,-1770,-2500,0,0,0,2780,1480,1360
490,90,-20,100,-70,200,-380,140,-10,-40,40
-40,60,90,-190,110,120,-90,100,-80,-10,-10
-20,-20,40,50,-10,30,-180,130,70,-30,-200
-70,70,-20,-360,380,-30,20,-50,30,-140,-20
-167,-156,135,18,56,159,151,-187,32,-387,96
-13,-1,40,14,-13,33,-9,-47,60,6,-66
-130,-60,90,190,100,400,-150,-340,60,10,-60
-180,-343,473,70,290,580,-60,-540,-40,120,-180
-260,-120,220,230,110,50,-40,200,-20,-90,-10
-691,-173,734,80,170,30,10,30,100,-50,-40
-507,-167,684,30,160,120,-40,10,130,-10,-110
-320,-70,590,140,350,-70,-40,60,30,-170,-310
-160,40,410,250,160,-190,-50,60,50,-20,40
-200,-250,450,-10,630,120,30,-490,60,180,-110
-260,0,180,240,320,240,-50,-250,20,-60,-110
-310,-334,524,210,230,280,-230,-130,150,-20,-50
-130,-334,514,90,180,10,-40,10,220,-60,0
-140,-548,668,90,120,80,-30,60,10,140,-170
-160,-483,583,130,130,-30,30,-40,290,-100,40
-360,-267,477,250,200,70,-250,70,470,-140,-230
-560,-183,673,80,230,160,-130,-140,100,120,-100
-484,-153,717,210,150,0,270,-260,340,-280,-20
-440,-72,532,120,160,270,-220,40,-30,-50,-20
-506,-68,544,150,270,-120,-30,10,200,50,-140
-200,120,130,240,120,110,-20,-100,-40,80,-110
-400,-108,478,130,320,100,-30,-140,20,-30,-30
-504,-120,644,80,240,160,-50,-160,-50,-10,-10
-594,-115,279,560,190,-10,-180,10,120,70,-170
-397,-235,161,641,190,20,-70,50,60,0,-80
-460,-140,190,500,170,20,20,-30,100,140,-340
-402,-88,260,610,-50,440,-120,-200,0,50,-70
-551,-87,458,510,30,-30,60,-10,130,-20,-260
-414,-98,164,398,260,-30,180,120,210,-380,0
-679,-53,80,532,250,140,-50,-120,10,70,0
-606,27,199,490,190,210,30,-150,-70,30,-50
-14,4,43,68,42,-32,-38,54,-4,-28,-48
-4,-1,18,-1,8,16,-29,19,25,-30,11
0,0,0,4,4,-4,6,-2,-2,-5,0
-10,-4,14,100,199,75,-215,139,82,3,-175
-7,5,13,93,192,100,-261,138,89,-24,-272
-14,-6,19,116,183,74,-194,30,126,21,-189
-13,6,17,86,187,74,-251,96,165,-12,-305
-6,-12,18,112,204,42,-203,80,141,-2,-237
-36,0,36,86,245,63,-231,75,138,-57,-283
-22,-1,52,100,150,82,-204,80,130,-55,-272
-7,-3,17,105,250,10,-250,207,28,8,-251
-10,-1,42,100,195,51,-204,23,165,-55,-237
-23,5,13,98,199,75,-182,57,111,-21,-286
-14,-3,12,113,187,92,-192,26,189,-38,-289
-8,-7,32,104,186,94,-248,122,129,-50,-301
-9,2,35,92,201,66,-232,131,106,-58,-250
-6,-15,8,129,152,127,-233,102,125,-85,-284
-3,4,8,143,162,55,-245,134,98,-35,-243
-13,-6,31,104,265,8,-254,104,123,-37,-274
-17,-4,11,124,186,83,-259,149,112,-51,-257
9,-12,24,85,203,107,-261,159,66,-23,-298
-19,-2,27,87,230,52,-226,82,160,-39,-295
-6,-6,-5,149,138,60,-236,130,75,-47,-230
-12,-9,32,128,100,101,-231,127,97,-35,-250
-12,-1,20,108,150,138,-256,78,114,-24,-222
4,-1,32,127,148,53,-185,95,82,-47,-217
-24,5,10,155,121,68,-217,133,97,-58,-260
-32,-3,4,122,176,67,-269,121,148,-57,-261
-8,4,-7,127,185,87,-263,144,109,-86,-222
-30,-2,3,67,27,38,-50,8,90,-29,-51
-15,2,-7,-4,15,-4,-14,8,5,5,10
0,-6,-14,14,-9,3,6,-13,16,0,0
6,-10,-1,-4,8,6,-2,-9,-8,24,19
-10,-19,2,4,24,-32,2,8,-12,20,-3
11,-18,3,-6,31,-3,-19,2,4,5,-219
0,-15,-1,4,-1,2,11,8,-21,22,13
-9,1,-4,20,-9,-9,3,7,5,-9,16
-11,15,-12,0,-4,-12,0,-2,15,5,12
-15,-13,-6,8,15,-10,-2,16,-37,21,18
-14,2,-23,17,29,-20,-13,24,-13,10,8
-12,-2,-16,12,-1,12,-11,44,-33,8,7
-3,-12,-3,-1,30,-8,0,11,-4,23,-17
2,-10,-16,27,10,7,-23,9,-5,10,1
-1,2,-19,6,28,-17,2,-1,-2,12,4
-2,1,2,5,-5,22,-30,13,-7,21,-14
-6,-20,-5,-1,23,13,-43,21,-14,32,-7
-1,-6,-5,2,35,-6,-19,3,-6,27,12
7,-8,-16,30,-8,-17,18,8,-13,1,4
15,-18,-2,-5,14,-21,23,-1,6,-12,27
-6,4,-6,-5,-6,11,15,-5,-6,18,14
-5,3,3,-2,0,-13,7,1,1,5,-3
-13,15,-28,17,11,-4,1,9,-19,21,-8
-8,3,-22,33,-2,-20,22,-3,-21,21,-8
-4,-2,-16,13,12,11,-23,21,-15,16,0
-11,7,-21,-1,13,-3,4,-1,12,7,-43
-1,7,-18,-6,25,-24,19,18,-21,0,21
-16,2,0,68,7,-15,-1,17,-11,-37,-9
0,3,-1,-1,1,0,0,1,2,-4,2
0,-2,0,4,0,0,0,0,-2,1,-3
0,0,-2,1,2,-19,18,1,-4,2,-1
-1,-1,1,9,-7,4,-1,1,-3,-1,0
-2,1,-2,-2,23,-8,-11,1,-3,-1,0
-1,0,-1,243,1,17,-73,-48,-126,-19,-2
9,-8,-8,14,51,-6,-12,-14,-29,11,-10
5,1,-14,28,-5,4,0,-9,2,6,5
-5,0,2,4,7,0,-8,6,-8,7,1
-1,0,1,0,12,-5,-3,2,-7,8,0
2,-2,0,2,11,-2,-4,21,-26,-3,1
1,-1,-1,8,13,-7,6,19,-33,-3,4
-1,0,0,15,10,-7,3,20,-28,23,0
-5,-3,1,12,29,-28,4,-1,0,14,1
-1,1,0,-22,18,9,-21,26,-1,32,5
-41,1,-5,131,93,18,-6,19,-269,-17,-5
19,-19,-1,17,238,-12,-18,15,-218,-20,16
-22,4,16,-1,262,-6,4,3,-277,-1,16
-16,16,-21,2,258,-3,-183,-53,-11,-8,3
1,3,-4,1,11,37,-44,1,-4,0,2
-1,3,-3,8,2,-1,-5,7,-8,-2,0
0,-1,2,4,10,-7,-5,13,-16,-2,0
-16,15,-1,5,0,4,-5,1,-1,-3,4
-1,-1,-1,5,-4,1,-2,1,3,-1,-2
0,0,-2,0,3,-2,0,4,-4,2,0
26,-26,-1,-78,-52,-79,27,26,77,27,1
0,0,0,44,-23,0,-2,1,1,1,-1
1,-10,-5,15,16,3,-41,46,-34,16,8
-14,-3,-9,53,194,-64,19,-2,-180,-6,37
-18,-3,23,24,431,-329,58,22,-122,-104,23
4,-17,1,50,258,-105,40,41,-158,-98,4
-3,-19,9,61,-184,386,-40,34,-247,14,7
-6,-6,-13,44,180,91,-47,46,-211,-75,6
0,-12,-6,13,201,-25,18,-92,-72,-12,-14
-21,-16,12,12,9,-4,-2,7,10,-19,22
-14,-4,-7,53,241,-39,-27,49,-228,-14,3
-11,11,-26,50,255,-72,-13,51,-239,-9,-4
-18,-1,-4,89,195,-58,16,84,-292,13,-11
-8,-9,29,15,304,-100,8,31,-167,-82,20
-11,-18,13,45,237,-56,42,39,-280,2,14
-8,10,-12,110,382,-160,-54,57,-294,-14,6
-13,9,-1,71,317,-91,-7,16,-274,7,-23
1,-2,3,72,60,93,-25,38,-204,12,-18
-10,-3,-3,63,271,-49,-54,25,-220,-25,9
-19,1,-15,64,67,133,-57,50,-225,1,-3
-11,-3,2,1,125,-34,-73,23,-31,3,14
-16,6,-10,15,-2,329,-133,-192,1,23,-13
-10,-3,-8,91,95,-70,-38,46,-48,-28,-5
-13,3,-8,92,55,-46,-32,69,-106,-10,17
-8,4,-11,63,101,-54,-56,53,-73,-15,2
-4,0,-6,71,60,-55,-26,28,-38,-19,4
-23,17,-15,81,32,-55,-3,19,-44,-9,0
-12,11,-20,26,-2,-5,1,25,-20,2,11
-4,-6,-9,84,69,-55,-19,55,-62,-29,5
-17,-1,25,48,1,-19,3,0,-17,-1,-9
1,-1,7,28,1,-1,-8,-3,11,-11,-10
-8,1,-3,27,140,17,-12,-13,22,-5,-113
0,-2,-1,16,161,-10,-14,-16,39,10,-110
-6,4,0,15,156,-8,-13,-216,229,17,-183
-6,-2,1,31,156,11,-19,-33,41,7,-176
-8,3,-5,30,136,4,-21,7,22,2,-109
0,0,-1,71,143,-14,-6,1,15,-1,-139
-10,-7,3,24,128,35,-12,-30,26,-3,-130
-5,-7,-2,10,109,53,-37,12,11,10,-131
-7,6,-17,15,185,22,-50,-20,1,29,-180
-22,5,-5,29,151,-11,-8,-18,54,8,-183
-4,-5,-3,35,128,22,-26,-17,29,13,-111
2,0,-9,12,166,-7,3,-45,27,23,-152
4,0,-1,23,178,7,-38,-24,37,-9,-163
-5,-2,2,26,128,10,-26,12,6,7,-133
-4,-14,8,11,128,25,-22,-23,62,-24,-145
7,-11,7,25,153,35,-29,1,17,2,-194
-5,-3,1,34,124,20,-16,-6,32,-13,-131
-7,6,-6,2,156,3,-17,0,22,-138,-33
-8,13,-8,23,145,2,-8,-34,33,6,-121
-4,-4,1,29,122,21,-25,3,28,16,-159
0,-5,7,10,128,29,-9,-36,47,-1,-173
-3,1,4,23,128,24,-8,-38,28,14,-131
5,-11,0,29,111,20,1,-13,21,4,-133
-2,-6,11,-8,140,27,-16,-17,15,1,-156
-2,1,1,32,105,57,-12,-30,38,-40,-141
-10,6,11,14,126,36,-25,-25,56,-14,-143
-2,-30,1,35,118,4,4,-5,15,-3,-138
-2,-2,-10,30,128,61,-30,-2,12,-33,-121
4,-3,-4,38,109,38,-11,-11,30,-28,-92
1,-8,-2,14,132,35,-43,20,7,42,66
0,-17,-1,-3,128,62,-31,1,8,-14,-131
-2,0,3,20,-6,6,-6,-6,13,0,-16
0,-1,19,-20,19,-20,0,22,-20,0,14
-5,0,0,0,0,0,0,4,0,-4,0
-1,0,0,11,-11,0,0,0,30,-30,0
1,-1,0,-3,-4,-1,0,2,2,2,0
-4,23,37,58,-16,-96,84,14,-6,6,-47
20,540,50,-610,70,-200,-600,470,-2060,-390,-320
110,-280,-250,750,200,-360,110,1090,-700,1280,1770
-520,-340,-280,70,320,-210,50,160,-2380,-250,-240
-80,50,-160,90,-210,-410,20,390,190,-270,-380
-5,-1,1,9,0,4,-13,2,22,0,0
-52,-19,-1,74,227,46,-27,-2,17,-255,9
-4,-2,19,32,-4,-8,-4,4,9,-3,-16
1,0,-2,27,88,-3,-4,-9,-41,-39,-14
-80,8,0,1,-1,12,33,-18,-22,0,-5
0,19,24,6,-19,9,-19,24,-26,13,-1
1,43,-4,-3,-52,55,-21,14,7,-3,-1
27,-30,31,-19,22,7,-31,33,-24,17,7
0,4,-16,16,3,-3,-7,-1,9,-4,8
-10,-3,2,24,2,16,-22,3,29,-2,-9
-2,0,0,-11,-6,1,0,2,8,0,2
-32,-19,29,36,18,-7,-1,-16,48,9,-7
1,2,-3,26,11,-4,-12,6,-9,-5,-1
-1,0,0,3,-8,0,1,11,0,-3,-3
-2,1,35,521,21,-200,121,9,-94,21,-148
-2,0,4,147,-4,-47,26,0,-86,-19,-8
-2,12,7,-10,29,-26,-10,35,-8,-21,0
0,1,78,-69,67,-53,0,58,-2,-76,75
-39,1,82,-29,-15,22,-22,22,22,-24,-20
